EVENT_ID,CZ_NAME_STR,BEGIN_LOCATION,BEGIN_DATE,BEGIN_TIME,EVENT_TYPE,MAGNITUDE,TOR_F_SCALE,DEATHS_DIRECT,INJURIES_DIRECT,DAMAGE_PROPERTY_NUM,DAMAGE_CROPS_NUM,STATE_ABBR,CZ_TIMEZONE,MAGNITUDE_TYPE,EPISODE_ID,CZ_TYPE,CZ_FIPS,WFO,INJURIES_INDIRECT,DEATHS_INDIRECT,SOURCE,FLOOD_CAUSE,TOR_LENGTH,TOR_WIDTH,BEGIN_RANGE,BEGIN_AZIMUTH,END_RANGE,END_AZIMUTH,END_LOCATION,BEGIN_LAT,BEGIN_LON,END_LAT,END_LON,ABSOLUTE_ROWNUMBER,BEGIN_DATE_autogen_year,BEGIN_DATE_autogen_month,BEGIN_DATE_autogen_week,BEGIN_DATE_autogen_day,BEGIN_DATE_autogen_wday
5630410,DALLAS CO.,IRVING,1998-01-04,2100,Flash Flood,,,1,0,0,0,TX,CST,,2072639,C,113,FWD,0,0, , ,,,, ,, ,IRVING,,,,,5,1998,1,1,4,1
5630411,DALLAS CO.,DALLAS,1998-01-04,2141,Flash Flood,,,0,0,0,0,TX,CST,,2072639,C,113,FWD,0,0, , ,,,, ,, ,DALLAS,,,,,7,1998,1,1,4,1
5630412,DALLAS CO.,DALLAS,1998-01-04,2323,Flash Flood,,,0,0,0,0,TX,CST,,2072639,C,113,FWD,0,0, , ,,,, ,, ,DALLAS,,,,,10,1998,1,1,4,1
5644447,DALLAS CO.,DALLAS,1998-05-27,225,Flash Flood,,,0,0,0,0,TX,CST,,2077507,C,113,FWD,0,0, , ,,,, ,, ,DALLAS,,,,,18,1998,5,21,27,4
5667699,DALLAS CO.,MESQUITE,1998-09-16,620,Flash Flood,,,0,0,0,0,TX,CST,,2149761,C,113,FWD,0,0,BROADCAST MEDIA, ,,,, ,, ,MESQUITE,,,,,20,1998,9,37,16,4
5667700,DALLAS CO.,GARLAND,1998-09-16,650,Flash Flood,,,0,0,0,0,TX,CST,,2149761,C,113,FWD,0,0,LAW ENFORCEMENT, ,,,, ,, ,GARLAND,,,,,21,1998,9,37,16,4
5673552,DALLAS CO.,GARLAND,1998-12-04,15,Flash Flood,,,1,0,0,0,TX,CST,,2151538,C,113,FWD,0,0,LAW ENFORCEMENT, ,,,, ,, ,GARLAND,,,,,24,1998,12,49,4,6
5673553,DALLAS CO.,GARLAND,1998-12-04,30,Flash Flood,,,0,0,0,0,TX,CST,,2151538,C,113,FWD,0,0,LAW ENFORCEMENT, ,,,, ,, ,GARLAND,,,,,25,1998,12,49,4,6
5687799,DALLAS CO.,DALLAS,1999-03-11,950,Flash Flood,,,0,0,0,0,TX,CST,,1500293,C,113,FWD,0,0,EMERGENCY MANAGER, ,,,, ,, ,DALLAS,,,,,31,1999,3,10,11,5
5691281,DALLAS CO.,DALLAS,1999-04-26,745,Flash Flood,,,0,0,0,0,TX,CST,,1503205,C,113,FWD,0,0,AMATEUR RADIO, ,,,, ,, ,DALLAS,,,,,32,1999,4,17,26,2
5693529,DALLAS CO.,GRAND PRAIRIE,1999-05-17,1613,Flash Flood,,,0,1,10000,0,TX,CST,,2406299,C,113,FWD,0,0,NEWSPAPER, ,,,, ,, ,GRAND PRAIRIE,,,,,34,1999,5,20,17,2
5694038,DALLAS CO.,WILMER,1999-05-17,1635,Flash Flood,,,0,0,0,0,TX,CST,,2406299,C,113,FWD,0,0,LAW ENFORCEMENT, ,,,, ,, ,WILMER,,,,,36,1999,5,20,17,2
5693530,DALLAS CO.,ROWLETT,1999-05-17,1700,Flash Flood,,,0,0,0,0,TX,CST,,2406299,C,113,FWD,0,0,NEWSPAPER, ,,,, ,, ,ROWLETT,,,,,37,1999,5,20,17,2
5694482,DALLAS CO.,DALLAS,1999-05-26,538,Flash Flood,,,0,0,0,0,TX,CST,,2406299,C,113,FWD,0,0,EMERGENCY MANAGER, ,,,, ,, ,DALLAS,,,,,38,1999,5,21,26,4
5694483,DALLAS CO.,DALLAS,1999-05-26,1130,Flash Flood,,,0,0,0,0,TX,CST,,2406299,C,113,FWD,0,0,LAW ENFORCEMENT, ,,,, ,, ,DALLAS,,,,,39,1999,5,21,26,4
5705336,DALLAS CO.,RICHARDSON,1999-06-08,1945,Flash Flood,,,0,0,0,0,TX,CST,,2409538,C,113,FWD,0,0,GENERAL PUBLIC, ,,,, ,, ,RICHARDSON,,,,,42,1999,6,23,8,3
5705571,DALLAS CO.,RICHARDSON,1999-06-10,1800,Flash Flood,,,0,0,0,0,TX,CST,,2409538,C,113,FWD,0,0,NEWSPAPER, ,,,, ,, ,RICHARDSON,,,,,43,1999,6,23,10,5
5705341,DALLAS CO.,RICHARDSON,1999-06-12,1410,Flash Flood,,,0,0,0,0,TX,CST,,2409538,C,113,FWD,0,0,EMERGENCY MANAGER, ,,,, ,, ,RICHARDSON,,,,,44,1999,6,24,12,7
5709502,DALLAS CO.,GRAND PRAIRIE,1999-07-10,1208,Flash Flood,,,0,0,0,0,TX,CST,,2410366,C,113,FWD,0,0,NEWSPAPER, ,,,, ,, ,GRAND PRAIRIE,,,,,46,1999,7,28,10,7
5709501,DALLAS CO.,DALLAS,1999-07-10,1230,Flash Flood,,,0,0,0,0,TX,CST,,2410366,C,113,FWD,0,0,AMATEUR RADIO, ,,,, ,, ,DALLAS,,,,,47,1999,7,28,10,7
5720185,DALLAS CO.,DALLAS,1999-12-11,2150,Flash Flood,,,0,0,0,0,TX,CST,,2414037,C,113,FWD,0,0,GOVT OFFICIAL, ,,,, ,, ,DALLAS,,,,,48,1999,12,50,11,7
5720187,DALLAS CO.,DALLAS,1999-12-12,25,Flash Flood,,,0,0,0,0,TX,CST,,2414037,C,113,FWD,0,0,GOVT OFFICIAL, ,,,, ,, ,DALLAS,,,,,49,1999,12,50,12,1
5137414,DALLAS CO.,DALLAS,2000-03-28,2030,Flash Flood,,,0,0,0,0,TX,CST,,1092890,C,113,FWD,0,0,EMERGENCY MANAGER, ,,,, ,, ,DALLAS,,,,,52,2000,3,13,28,3
5146333,DALLAS CO.,GRAND PRAIRIE,2000-05-03,1730,Flash Flood,,,0,0,15000,0,TX,CST,,1094937,C,113,FWD,0,0,NEWSPAPER, ,,,, ,, ,GRAND PRAIRIE,,,,,56,2000,5,18,3,4
5149401,DALLAS CO.,LANCASTER,2000-06-04,1030,Flash Flood,,,0,0,25000,0,TX,CST,,1096865,C,113,FWD,0,0,NEWSPAPER, ,,,, ,, ,LANCASTER,,,,,64,2000,6,23,4,1
5149144,DALLAS CO.,DE SOTO,2000-06-04,1036,Flash Flood,,,0,0,25000,0,TX,CST,,1096865,C,113,FWD,0,0,LAW ENFORCEMENT, ,,,, ,, ,DE SOTO,,,,,65,2000,6,23,4,1
5149411,DALLAS CO.,DALLAS,2000-06-11,1147,Flash Flood,,,0,0,0,0,TX,CST,,1096866,C,113,FWD,0,0,EMERGENCY MANAGER, ,,,, ,, ,DALLAS,,,,,67,2000,6,24,11,1
5149412,DALLAS CO.,GARLAND,2000-06-11,1215,Flash Flood,,,0,0,0,0,TX,CST,,1096866,C,113,FWD,0,0,NEWSPAPER, ,,,, ,, ,GARLAND,,,,,68,2000,6,24,11,1
5149413,DALLAS CO.,SACHSE,2000-06-11,1330,Flash Flood,,,0,0,0,0,TX,CST,,1096866,C,113,FWD,0,0,GENERAL PUBLIC, ,,,, ,, ,SACHSE,,,,,70,2000,6,24,11,1
5149507,DALLAS CO.,DALLAS,2000-06-14,2200,Flash Flood,,,0,0,0,0,TX,CST,,1096867,C,113,FWD,0,0,EMERGENCY MANAGER, ,,,, ,, ,DALLAS,,,,,74,2000,6,24,14,4
5148686,DALLAS CO.,DALLAS,2000-06-21,2026,Flash Flood,,,0,0,0,0,TX,CST,,1096869,C,113,FWD,0,0,EMERGENCY MANAGER, ,,,, ,, ,DALLAS,,,,,77,2000,6,25,21,4
5232290,DALLAS CO.,DALLAS,2001-02-16,125,Flash Flood,,,0,0,0,0,TX,CST,,1111295,C,113,FWD,0,0,LAW ENFORCEMENT, ,,,, ,, ,DALLAS,,,,,82,2001,2,7,16,6
5232291,DALLAS CO.,DALLAS,2001-02-16,349,Flash Flood,,,0,0,0,0,TX,CST,,1111295,C,113,FWD,0,0,LAW ENFORCEMENT, ,,,, ,, ,DALLAS,,,,,84,2001,2,7,16,6
5232641,DALLAS CO.,DALLAS,2001-02-27,1720,Flash Flood,,,0,0,0,0,TX,CST,,1111297,C,113,FWD,0,0,EMERGENCY MANAGER, ,,,, ,, ,DALLAS,,,,,88,2001,2,9,27,3
5234240,DALLAS CO.,MESQUITE,2001-03-11,1600,Flash Flood,,,0,0,0,0,TX,CST,,1111853,C,113,FWD,0,0,EMERGENCY MANAGER, ,,,, ,, ,MESQUITE,,,,,89,2001,3,10,11,1
5234239,DALLAS CO.,DALLAS,2001-03-12,45,Flash Flood,,,0,0,0,0,TX,CST,,1111853,C,113,FWD,0,0,EMERGENCY MANAGER, ,,,, ,, ,DALLAS,,,,,91,2001,3,11,12,2
5245881,DALLAS CO.,DALLAS,2001-05-06,125,Flash Flood,,,0,0,0,0,TX,CST,,1114879,C,113,FWD,0,0,LAW ENFORCEMENT, ,,,, ,, ,DALLAS,,,,,93,2001,5,18,6,1
5252595,DALLAS CO.,DALLAS,2001-06-30,755,Flash Flood,,,0,0,0,0,TX,CST,,1116898,C,113,FWD,0,0,AMATEUR RADIO, ,,,, ,, ,DALLAS,,,,,95,2001,6,26,30,7
5252596,DALLAS CO.,MESQUITE,2001-06-30,758,Flash Flood,,,0,0,0,0,TX,CST,,1116898,C,113,FWD,0,0,AMATEUR RADIO, ,,,, ,, ,MESQUITE,,,,,96,2001,6,26,30,7
5260850,DALLAS CO.,GRAND PRAIRIE,2001-07-01,745,Flash Flood,,,0,0,0,0,TX,CST,,1119969,C,113,FWD,0,0,LAW ENFORCEMENT, ,,,, ,, ,GRAND PRAIRIE,,,,,101,2001,7,26,1,1
5265372,DALLAS CO.,DUNCANVILLE,2001-08-31,1335,Flash Flood,,,0,0,0,0,TX,CST,,1121937,C,113,FWD,0,0,LAW ENFORCEMENT, ,,,, ,, ,DUNCANVILLE,,,,,106,2001,8,35,31,6
5265373,DALLAS CO.,CEDAR HILL,2001-08-31,1335,Flash Flood,,,0,0,0,0,TX,CST,,1121937,C,113,FWD,0,0,LAW ENFORCEMENT, ,,,, ,, ,CEDAR HILL,,,,,107,2001,8,35,31,6
5274853,DALLAS CO.,DALLAS,2001-12-16,930,Flash Flood,,,0,0,0,0,TX,CST,,1125327,C,113,FWD,0,0,EMERGENCY MANAGER, ,,,, ,, ,DALLAS,,,,,110,2001,12,50,16,1
5284910,DALLAS CO.,DALLAS,2002-03-19,2000,Flash Flood,,,0,0,0,0,TX,CST,,1132357,C,113,FWD,0,0,LAW ENFORCEMENT, ,,,, ,, ,DALLAS,,,,,116,2002,3,12,19,3
5284554,DALLAS CO.,MESQUITE,2002-03-30,335,Flash Flood,,,0,0,0,0,TX,CST,,1132356,C,113,FWD,0,0,TRAINED SPOTTER, ,,,, ,, ,MESQUITE,,,,,118,2002,3,13,30,7
5284555,DALLAS CO.,DALLAS,2002-03-30,335,Flash Flood,,,0,0,0,0,TX,CST,,1132356,C,113,FWD,0,0,TRAINED SPOTTER, ,,,, ,, ,DALLAS,,,,,119,2002,3,13,30,7
5284556,DALLAS CO.,MESQUITE,2002-03-30,407,Flash Flood,,,0,0,0,0,TX,CST,,1132356,C,113,FWD,0,0,TRAINED SPOTTER, ,,,, ,, ,MESQUITE,,,,,120,2002,3,13,30,7
5288860,DALLAS CO.,GARLAND,2002-04-07,2030,Flash Flood,,,0,0,0,0,TX,CST,,1133170,C,113,FWD,0,0,EMERGENCY MANAGER, ,,,, ,, ,GARLAND,,,,,123,2002,4,14,7,1
5318787,DALLAS CO.,GARLAND,2002-10-18,1715,Flash Flood,,,0,0,0,0,TX,CST,,1144487,C,113,FWD,0,0,LAW ENFORCEMENT, ,,,, ,, ,GARLAND,,,,,127,2002,10,42,18,6
5318789,DALLAS CO.,DALLAS,2002-10-18,2015,Flash Flood,,,0,0,0,0,TX,CST,,1144487,C,113,FWD,0,0,LAW ENFORCEMENT, ,,,, ,, ,DALLAS,,,,,128,2002,10,42,18,6
5326990,DALLAS CO.,DALLAS,2002-12-30,1522,Flash Flood,,,0,0,0,0,TX,CST,,1146033,C,113,FWD,0,0,EMERGENCY MANAGER, ,,,, ,, ,DALLAS,,,,,131,2002,12,52,30,2
5354744,DALLAS CO.,DALLAS,2003-05-25,40,Flash Flood,,,0,0,25000,0,TX,CST,,1151183,C,113,FWD,0,0,EMERGENCY MANAGER, ,,,, ,, ,DALLAS,,,,,132,2003,5,21,25,1
5336960,DALLAS CO.,DALLAS,2003-09-18,1554,Flash Flood,,,0,0,0,0,TX,CST,,1163009,C,113,FWD,0,0,BROADCAST MEDIA, ,,,, ,, ,DALLAS,,,,,135,2003,9,38,18,5
5410648,DALLAS CO.,DALLAS,2004-06-09,1630,Flash Flood,,,0,0,0,0,TX,CST,,1174874,C,113,FWD,0,0,EMERGENCY MANAGER, ,,,, ,, ,DALLAS,,,,,145,2004,6,23,9,4
5410857,DALLAS CO.,LANCASTER,2004-06-28,915,Flash Flood,,,0,0,0,0,TX,CST,,1174881,C,113,FWD,0,0,LAW ENFORCEMENT, ,,,, ,, ,LANCASTER,,,,,148,2004,6,26,28,2
5412160,DALLAS CO.,DALLAS,2004-07-28,2200,Flash Flood,,,0,0,3000000,0,TX,CST,,1175741,C,113,FWD,0,0,LAW ENFORCEMENT, ,,,, ,, ,DALLAS,,,,,155,2004,7,30,28,4
5412090,DALLAS CO.,LANCASTER,2004-07-28,2200,Flash Flood,,,0,0,17000000,0,TX,CST,,1175741,C,113,FWD,0,0,LAW ENFORCEMENT, ,,,, ,, ,LANCASTER,,,,,156,2004,7,30,28,4
5433882,DALLAS CO.,GARLAND,2005-01-03,1830,Flash Flood,,,0,0,0,0,TX,CST,,1183591,C,113,FWD,0,0,LAW ENFORCEMENT, ,,,, ,, ,GARLAND,32.92,-96.63,32.92,-96.63,162,2005,1,1,3,2
5433889,DALLAS CO.,MESQUITE,2005-01-12,1630,Flash Flood,,,0,0,0,0,TX,CST,,1183592,C,113,FWD,0,0,LAW ENFORCEMENT, ,,,, ,, ,MESQUITE,32.77,-96.6,32.77,-96.6,163,2005,1,2,12,4
5433893,DALLAS CO.,HUTCHINS,2005-01-12,1700,Flash Flood,,,0,0,0,0,TX,CST,,1183592,C,113,FWD,0,0,LAW ENFORCEMENT, ,,,, ,, ,HUTCHINS,32.65,-96.72,32.65,-96.72,164,2005,1,2,12,4
5466185,DALLAS CO.,RICHARDSON,2005-07-15,1715,Flash Flood,,,0,0,0,0,TX,CST,,1195592,C,113,FWD,0,0,BROADCAST MEDIA, ,,,, ,, ,RICHARDSON,32.95,-96.72,32.95,-96.72,166,2005,7,28,15,6
5471216,DALLAS CO.,DALLAS,2005-08-08,1437,Flash Flood,,,0,0,0,0,TX,CST,,1198039,C,113,FWD,0,0,LAW ENFORCEMENT, ,,,, ,, ,DALLAS,32.77,-96.78,32.77,-96.78,167,2005,8,32,8,2
5498944,DALLAS CO.,COUNTYWIDE,2006-03-19,1300,Flash Flood,,,1,0,300000,0,TX,CST,,1206529,C,113,FWD,0,0,LAW ENFORCEMENT, ,,,, ,, ,COUNTYWIDE,,,,,171,2006,3,12,19,1
1462,DALLAS CO.,IRVING,2006-10-16,345,Flash Flood,,,0,0,0,0,TX,CST-6,,359,C,113,FWD,0,0,Law Enforcement,Heavy Rain,,,0,N,0,N,IRVING,32.82,-96.92,32.82,-96.92,177,2006,10,42,16,2
13825,DALLAS CO.,GRAND PRAIRIE,2007-03-13,1638,Flash Flood,,,0,1,10000,0,TX,CST-6,,2298,C,113,FWD,0,0,Law Enforcement,Heavy Rain,,,0,N,0,N,GRAND PRAIRIE,32.75,-96.98,32.75,-96.98,183,2007,3,11,13,3
17276,DALLAS CO.,DESOTO,2007-03-30,2130,Flash Flood,,,0,0,0,0,TX,CST-6,,2777,C,113,FWD,0,0,Trained Spotter,Heavy Rain,,,0,N,0,N,DESOTO,32.58,-96.85,32.58,-96.85,186,2007,3,13,30,6
30122,DALLAS CO.,ADDISON,2007-04-03,1904,Flash Flood,,,0,0,0,0,TX,CST-6,,4320,C,113,FWD,0,0,Trained Spotter,Heavy Rain,,,0,N,0,N,ADDISON,32.95,-96.82,32.95,-96.82,188,2007,4,14,3,3
32622,DALLAS CO.,EAST DALLAS,2007-05-24,1530,Flash Flood,,,0,0,0,0,TX,CST-6,,5573,C,113,FWD,0,0,Trained Spotter,Heavy Rain,,,0,N,0,N,EAST DALLAS,32.77,-96.75,32.77,-96.75,197,2007,5,21,24,5
37441,DALLAS CO.,DALLAS LOVE FLD,2007-05-30,946,Flash Flood,,,0,0,3000,0,TX,CST-6,,5658,C,113,FWD,0,0,Broadcast Media,Heavy Rain,,,3,NW,3,NW,DALLAS LOVE FLD,32.8807,-96.8865,32.8807,-96.8865,202,2007,5,22,30,4
36136,DALLAS CO.,DUNCANVILLE,2007-06-13,1430,Flash Flood,,,0,0,0,0,TX,CST-6,,6183,C,113,FWD,0,0,Emergency Manager,Heavy Rain,,,0,N,0,N,DALLAS,32.65,-96.9,32.77,-96.78,203,2007,6,24,13,4
37838,DALLAS CO.,GARLAND,2007-06-26,1525,Flash Flood,,,1,0,0,0,TX,CST-6,,6403,C,113,FWD,0,0,Public,Heavy Rain,,,0,N,0,N,GARLAND,32.92,-96.63,32.92,-96.63,208,2007,6,26,26,3
44246,DALLAS CO.,DUNCANVILLE,2007-06-26,1730,Flash Flood,,,0,0,1000,0,TX,CST-6,,6403,C,113,FWD,0,0,Law Enforcement,Heavy Rain,,,0,N,0,N,DUNCANVILLE,32.65,-96.9,32.65,-96.9,210,2007,6,26,26,3
38091,DALLAS CO.,GARLAND,2007-06-27,1740,Flash Flood,,,0,0,0,0,TX,CST-6,,6508,C,113,FWD,0,0,Amateur Radio,Heavy Rain,,,0,N,0,N,GARLAND,32.92,-96.63,32.92,-96.63,212,2007,6,26,27,4
42417,DALLAS CO.,DALLAS,2007-07-02,1330,Flood,,,0,0,0,0,TX,CST-6,,7137,C,113,FWD,0,0,Trained Spotter,Heavy Rain,,,1,NW,0,N,GRAND PRAIRIE,32.7802,-96.7922,32.75,-96.98,218,2007,7,27,2,2
42425,DALLAS CO.,DALLAS,2007-07-03,842,Flash Flood,,,0,0,10000,0,TX,CST-6,,7137,C,113,FWD,0,0,Law Enforcement,Heavy Rain,,,0,N,0,N,DALLAS,32.77,-96.78,32.77,-96.78,221,2007,7,27,3,3
48219,DALLAS CO.,RICHARDSON,2007-08-01,1700,Flash Flood,,,0,0,0,0,TX,CST-6,,8436,C,113,FWD,0,0,Newspaper,Heavy Rain,,,0,N,0,N,SEAGOVILLE,32.95,-96.72,32.63,-96.53,226,2007,8,31,1,4
53661,DALLAS CO.,LANCASTER,2007-09-05,600,Flash Flood,,,0,0,25000,0,TX,CST-6,,9509,C,113,FWD,0,0,Newspaper,Heavy Rain,,,0,N,2,S,DESOTO,32.6,-96.75,32.5511,-96.85,227,2007,9,36,5,4
53489,DALLAS CO.,BALCH SPGS,2007-09-05,900,Flood,,,0,0,0,0,TX,CST-6,,9509,C,113,FWD,0,0,Trained Spotter,Heavy Rain,,,4,E,4,E,BALCH SPGS,32.72,-96.5613,32.72,-96.5613,228,2007,9,36,5,4
53671,DALLAS CO.,GARLAND,2007-09-09,1330,Flash Flood,,,0,0,25000,0,TX,CST-6,,9552,C,113,FWD,0,0,Law Enforcement,Heavy Rain,,,0,N,0,N,GARLAND,32.92,-96.63,32.92,-96.63,229,2007,9,36,9,1
53676,DALLAS CO.,IRVING,2007-09-10,810,Flash Flood,,,0,0,0,0,TX,CST-6,,9552,C,113,FWD,0,0,Emergency Manager,Heavy Rain,,,0,NNE,0,N,GARLAND,32.82,-96.92,32.92,-96.63,231,2007,9,37,10,2
59652,DALLAS CO.,DALLAS,2007-10-15,700,Flash Flood,,,0,0,20000,0,TX,CST-6,,10693,C,113,FWD,0,0,Newspaper,Heavy Rain,,,0,N,0,N,MESQUITE,32.77,-96.78,32.77,-96.6,232,2007,10,42,15,2
85838,DALLAS CO.,DALLAS,2008-03-18,1200,Flash Flood,,,1,0,150000,0,TX,CST-6,,14522,C,113,FWD,0,0,County Official,Heavy Rain,,,2,NNE,2,SSW,HIGHLAND PARK,32.79,-96.77,32.7968,-96.7868,235,2008,3,12,18,3
85844,DALLAS CO.,GARLAND,2008-03-18,1359,Flash Flood,,,0,0,15000,0,TX,CST-6,,14522,C,113,FWD,0,0,Broadcast Media,Heavy Rain,,,1,SW,1,ESE,GARLAND,32.9107,-96.64,32.9142,-96.6141,236,2008,3,12,18,3
89337,DALLAS CO.,LIGGETT,2008-04-17,2014,Flash Flood,,,0,0,0,0,TX,CST-6,,15596,C,113,FWD,0,0,Law Enforcement,Heavy Rain,,,2,NE,2,NNE,LIGGETT,32.8391,-97.0006,32.8411,-97.0051,244,2008,4,16,17,5
89339,DALLAS CO.,HIGHLAND PARK,2008-04-17,2044,Flash Flood,,,0,0,0,0,TX,CST-6,,15596,C,113,FWD,0,0,Law Enforcement,Heavy Rain,,,3,WSW,3,NE,EAGLE FORD,32.8016,-96.8207,32.7951,-96.8256,245,2008,4,16,17,5
133740,DALLAS CO.,WHEATLAND AREA,2008-08-20,100,Flash Flood,,,0,0,0,0,TX,CST-6,,22455,C,113,FWD,0,0,Emergency Manager,Heavy Rain,,,3,ENE,2,NE,HUTCHINS,32.6475,-96.782,32.666,-96.6962,248,2008,8,34,20,4
133751,DALLAS CO.,NEW HOPE,2008-08-20,200,Flood,,,0,0,0,0,TX,CST-6,,22455,C,113,FWD,0,0,Broadcast Media,Heavy Rain,,,2,W,2,E,REINHARDT,32.8187,-96.6338,32.8144,-96.6407,249,2008,8,34,20,4
171068,DALLAS CO.,DUNCANVILLE,2009-05-02,1748,Flash Flood,,,0,0,2000,0,TX,CST-6,,28748,C,113,FWD,0,0,Amateur Radio,Heavy Rain,,,1,NE,1,ENE,DUNCANVILLE,32.6612,-96.8841,32.6547,-96.8897,258,2009,5,18,2,7
171085,DALLAS CO.,BALCH SPGS,2009-05-02,2020,Flash Flood,,,0,0,7000,0,TX,CST-6,,28748,C,113,FWD,0,0,Public,Heavy Rain,,,1,N,2,S,BALCH SPGS,32.7372,-96.6318,32.6972,-96.626,260,2009,5,18,2,7
171096,DALLAS CO.,FARMERS BRANCH,2009-05-02,2200,Flash Flood,,,0,0,5000,0,TX,CST-6,,28748,C,113,FWD,0,0,Emergency Manager,Heavy Rain,,,2,WSW,1,W,GRIBBLE,32.9176,-96.9241,32.8802,-96.9317,262,2009,5,18,2,7
171097,DALLAS CO.,ALPHA,2009-05-02,2233,Flash Flood,,,0,0,7000,0,TX,CST-6,,28748,C,113,FWD,0,0,Fire Department/Rescue,Heavy Rain,,,1,ESE,1,ESE,ALPHA,32.9255,-96.7817,32.9234,-96.7815,263,2009,5,18,2,7
180196,DALLAS CO.,COPPELL,2009-06-11,500,Flash Flood,,,0,0,50000,0,TX,CST-6,,30242,C,113,FWD,0,0,Newspaper,Heavy Rain,,,1,S,2,W,SHADY GROVE,32.9404,-97.0196,32.7977,-97.0271,270,2009,6,24,11,5
180204,DALLAS CO.,(DAL)LOVE FLD DALLAS,2009-06-11,645,Flash Flood,,,0,0,750000,0,TX,CST-6,,30242,C,113,FWD,0,0,Newspaper,Heavy Rain,,,2,ESE,3,W,HIGHLAND PARK,32.8375,-96.8142,32.8184,-96.8153,271,2009,6,24,11,5
178339,DALLAS CO.,BOUCHARD,2009-06-11,709,Flash Flood,,,0,0,200000,0,TX,CST-6,,30242,C,113,FWD,0,0,Broadcast Media,Heavy Rain,,,1,N,0,SSW,CURTIS,32.9205,-96.7676,32.8758,-96.771,272,2009,6,24,11,5
180194,DALLAS CO.,EAGLE FORD,2009-06-11,800,Flash Flood,,,0,0,20000,0,TX,CST-6,,30242,C,113,FWD,0,0,Broadcast Media,Heavy Rain,,,2,N,1,NNW,EAGLE FORD,32.7942,-96.8716,32.7779,-96.8725,273,2009,6,24,11,5
180519,DALLAS CO.,ELAM,2009-06-11,804,Flash Flood,,,0,0,70000,0,TX,CST-6,,30242,C,113,FWD,0,0,Newspaper,Heavy Rain,,,2,NNE,2,NE,ELAM,32.7227,-96.6627,32.717,-96.6607,274,2009,6,24,11,5
178340,DALLAS CO.,HIGHLAND PARK,2009-06-11,847,Flash Flood,,,0,0,10000,0,TX,CST-6,,30242,C,113,FWD,0,0,Amateur Radio,Heavy Rain,,,2,S,2,S,HIGHLAND PARK,32.7984,-96.7726,32.7978,-96.7713,275,2009,6,24,11,5
178341,DALLAS CO.,DALLAS,2009-06-11,855,Flash Flood,,,0,0,15000,0,TX,CST-6,,30242,C,113,FWD,0,0,Amateur Radio,Heavy Rain,,,1,NE,1,NNE,EAST DALLAS,32.7852,-96.7657,32.782,-96.7412,276,2009,6,24,11,5
180210,DALLAS CO.,(DAL)LOVE FLD DALLAS,2009-06-11,900,Flash Flood,,,0,0,30000,0,TX,CST-6,,30242,C,113,FWD,0,0,Newspaper,Heavy Rain,,,2,ESE,1,SSW,MEADERS,32.8398,-96.8112,32.8648,-96.8102,277,2009,6,24,11,5
178342,DALLAS CO.,GRIBBLE,2009-06-11,908,Flash Flood,,,0,0,15000,0,TX,CST-6,,30242,C,113,FWD,0,0,Amateur Radio,Heavy Rain,,,2,ESE,2,NNE,UNION BOWER,32.8634,-96.8864,32.8569,-96.886,278,2009,6,24,11,5
178343,DALLAS CO.,SUNNYVALE,2009-06-11,930,Flash Flood,,,0,0,200000,0,TX,CST-6,,30242,C,113,FWD,0,0,Emergency Manager,Heavy Rain,,,1,WNW,2,SE,REINHARDT,32.7821,-96.5623,32.8011,-96.6612,279,2009,6,24,11,5
178344,DALLAS CO.,HENSLEY FLD ARPT,2009-06-11,1012,Flash Flood,,,0,0,7000,0,TX,CST-6,,30242,C,113,FWD,0,0,Amateur Radio,Heavy Rain,,,2,N,2,N,HENSLEY FLD ARPT,32.7825,-96.9279,32.7724,-96.9255,281,2009,6,24,11,5
178345,DALLAS CO.,EAGLE FORD,2009-06-11,1033,Flash Flood,,,0,0,75000,0,TX,CST-6,,30242,C,113,FWD,0,0,Emergency Manager,Heavy Rain,,,2,ENE,2,ENE,EAGLE FORD,32.7839,-96.8394,32.7815,-96.8397,284,2009,6,24,11,5
186942,DALLAS CO.,HIGHLAND PARK,2009-07-30,515,Flash Flood,,,0,0,20000,0,TX,CST-6,,31374,C,113,FWD,0,0,Amateur Radio,Heavy Rain,,,3,W,2,W,HIGHLAND PARK,32.8166,-96.8136,32.8138,-96.8107,286,2009,7,31,30,5
195635,DALLAS CO.,OAK CLIFF,2009-09-11,2100,Flash Flood,,,0,0,30000,0,TX,CST-6,,32598,C,113,FWD,0,0,Law Enforcement,Heavy Rain,,,1,WNW,1,W,OAK CLIFF,32.7216,-96.8292,32.7193,-96.8289,287,2009,9,37,11,6
195636,DALLAS CO.,MOUNTAIN CREEK LAKE,2009-09-11,2108,Flash Flood,,,0,0,500,0,TX,CST-6,,32598,C,113,FWD,0,0,Trained Spotter,Heavy Rain,,,1,E,0,NNW,LAKEVIEW,32.7225,-96.9335,32.7038,-96.9525,288,2009,9,37,11,6
196479,DALLAS CO.,ROWLETT,2009-09-13,200,Flash Flood,,,0,0,150000,0,TX,CST-6,,32598,C,113,FWD,0,0,Emergency Manager,Heavy Rain,,,4,ESE,5,S,SEAGOVILLE ARPT,32.8738,-96.5183,32.5422,-96.5247,289,2009,9,37,13,1
196480,DALLAS CO.,ROWLETT,2009-09-13,1310,Flood,,,0,0,0,0,TX,CST-6,,32598,C,113,FWD,0,0,Emergency Manager,Heavy Rain,,,4,ESE,5,S,SEAGOVILLE ARPT,32.8738,-96.5183,32.5422,-96.524,291,2009,9,37,13,1
197290,DALLAS CO.,ALPHA,2009-10-09,530,Flash Flood,,,0,0,0,0,TX,CST-6,,34081,C,113,FWD,0,0,County Official,Heavy Rain,,,1,ESE,1,ESE,ALPHA,32.9255,-96.7822,32.9227,-96.7821,292,2009,10,41,9,6
197293,DALLAS CO.,SACHSE,2009-10-09,830,Flash Flood,,,0,0,500,0,TX,CST-6,,34081,C,113,FWD,0,0,Emergency Manager,Heavy Rain,,,4,W,4,W,SACHSE,32.984,-96.6396,32.9806,-96.64,293,2009,10,41,9,6
260502,DALLAS CO.,COPPELL,2010-09-08,705,Flash Flood,,,0,0,250000,0,TX,CST-6,,44844,C,113,FWD,0,0,Law Enforcement,Heavy Rain,,,0,NW,4,WSW,CEDAR HILL,32.9529,-97.0237,32.5574,-97.0216,301,2010,9,36,8,4
260714,DALLAS CO.,COPPELL,2010-09-08,1445,Flood,,,0,0,0,0,TX,CST-6,,44844,C,113,FWD,0,0,Newspaper,Heavy Rain,,,1,NE,3,WSW,CEDAR HILL,32.9546,-97.0127,32.5612,-97.0038,304,2010,9,36,8,4
311848,DALLAS CO.,FARMERS BRANCH,2011-05-23,1117,Flood,,,0,0,0,0,TX,CST-6,,51398,C,113,FWD,0,0,Broadcast Media,Heavy Rain,,,3,SE,3,SE,FARMERS BRANCH,32.9027,-96.8568,32.902,-96.8568,306,2011,5,21,23,2
361716,DALLAS CO.,COPPELL,2012-01-25,430,Flood,,,0,0,50000,0,TX,CST-6,,59797,C,113,FWD,0,0,Newspaper,Heavy Rain,,,2,NNW,6,WSW,CEDAR HILL,32.9842,-97.0282,32.5486,-97.0378,308,2012,1,4,25,4
370886,DALLAS CO.,REINHARDT,2012-03-19,2025,Flash Flood,,,0,0,50000,0,TX,CST-6,,61314,C,113,FWD,0,0,Emergency Manager,Heavy Rain,,,3,NNW,3,SSE,FARMERS BRANCH,32.8583,-96.703,32.8959,-96.8747,311,2012,3,12,19,2
371769,DALLAS CO.,BOBWYN,2012-03-20,245,Flood,,,0,0,0,0,TX,CST-6,,61314,C,113,FWD,0,0,Newspaper,Heavy Rain,,,0,NE,2,W,DUNCANVILLE,32.6535,-96.5753,32.6512,-96.9269,313,2012,3,12,20,3
368077,DALLAS CO.,(RBD)REDBIRD ARPT DA,2012-04-08,1345,Flash Flood,,,0,0,20000,0,TX,CST-6,,61334,C,113,FWD,0,0,Fire Department/Rescue,Heavy Rain,,,1,SSW,3,N,WHEATLAND AREA,32.6647,-96.8767,32.6738,-96.8177,314,2012,4,15,8,1
406705,DALLAS CO.,MEADERS,2012-08-18,1639,Flash Flood,,,0,0,200000,0,TX,CST-6,,66106,C,113,FWD,0,0,Public,Heavy Rain,,,1,SSE,1,SSE,ALPHA,32.8617,-96.792,32.9229,-96.7957,315,2012,8,33,18,7
408252,DALLAS CO.,IRVING,2012-08-18,1700,Flash Flood,,,0,0,60000,0,TX,CST-6,,66106,C,113,FWD,0,0,Newspaper,Heavy Rain,,,1,SSE,2,SSE,IRVING,32.8081,-96.9148,32.799,-96.9089,316,2012,8,33,18,7
406706,DALLAS CO.,DALLAS,2012-08-18,1700,Flash Flood,,,0,0,50000,0,TX,CST-6,,66106,C,113,FWD,0,0,Public,Heavy Rain,,,0,N,1,SSW,HIGHLAND PARK,32.77,-96.78,32.8014,-96.7813,317,2012,8,33,18,7
406707,DALLAS CO.,DALLAS,2012-08-18,1712,Flash Flood,,,0,0,200000,0,TX,CST-6,,66106,C,113,FWD,0,0,Public,Heavy Rain,,,2,NNW,1,N,DALLAS,32.7907,-96.7879,32.7853,-96.7811,319,2012,8,33,18,7
407265,DALLAS CO.,GRIBBLE,2012-08-18,1728,Flash Flood,,,1,0,30000,0,TX,CST-6,,66106,C,113,FWD,0,0,Public,Heavy Rain,,,3,WNW,1,NW,ARCADIA PARK,32.8952,-96.9674,32.7666,-96.9132,320,2012,8,33,18,7
407951,DALLAS CO.,BOBWYN,2012-08-18,1930,Flood,,,0,0,100000,0,TX,CST-6,,66106,C,113,FWD,0,0,Broadcast Media,Heavy Rain,,,1,NNW,2,SSE,WHEATLAND AREA,32.6684,-96.5877,32.6095,-96.806,324,2012,8,33,18,7
523009,DALLAS CO.,LAKEVIEW,2014-05-08,1519,Flash Flood,,,0,0,25000,0,TX,CST-6,,85531,C,113,FWD,0,0,Newspaper,Heavy Rain,,,2,SE,1,NE,WHEATLAND AREA,32.6765,-96.931,32.6396,-96.806,328,2014,5,19,8,5
581311,DALLAS CO.,CEDAR HILL,2015-05-17,330,Flash Flood,,,0,0,0,0,TX,CST-6,,96130,C,113,FWD,0,0,Law Enforcement,Heavy Rain,,,6,WSW,2,SE,DESOTO,32.547,-97.0385,32.5532,-96.8225,344,2015,5,20,17,1
576779,DALLAS CO.,(DFW)DALLAS-FT WORTH,2015-05-24,144,Flood,,,0,0,36000000,0,TX,CST-6,,94850,C,113,FWD,0,0,Emergency Manager,Heavy Rain,,,3,E,3,NW,GARLAND,32.8935,-96.9763,32.9513,-96.6632,347,2015,5,21,24,1
578289,DALLAS CO.,SOWERS,2015-05-24,218,Flash Flood,,,0,0,0,0,TX,CST-6,,94850,C,113,FWD,0,0,Public,Heavy Rain,,,2,NNW,1,WNW,SOWERS,32.8459,-96.9973,32.8283,-96.9954,349,2015,5,21,24,1
578320,DALLAS CO.,FLORENCE HILL,2015-05-24,445,Flash Flood,,,0,0,0,0,TX,CST-6,,94850,C,113,FWD,0,0,Broadcast Media,Heavy Rain,,,1,NW,1,W,FLORENCE HILL,32.6782,-97.0089,32.6719,-97.0143,352,2015,5,21,24,1
579462,DALLAS CO.,GRAND PRAIRIE ARPT,2015-05-26,2010,Flash Flood,,,0,0,0,0,TX,CST-6,,94850,C,113,FWD,0,0,Fire Department/Rescue,Heavy Rain,,,2,SSW,2,SSW,GRAND PRAIRIE ARPT,32.671,-97.0645,32.6669,-97.0647,353,2015,5,21,26,3
579465,DALLAS CO.,LIGGETT,2015-05-26,2030,Flash Flood,,,0,0,0,0,TX,CST-6,,94850,C,113,FWD,0,0,Fire Department/Rescue,Heavy Rain,,,2,SW,3,WSW,LIGGETT,32.8038,-97.0484,32.8091,-97.0776,354,2015,5,21,26,3
579463,DALLAS CO.,GRAND PRAIRIE ARPT,2015-05-26,2037,Flash Flood,,,0,0,0,0,TX,CST-6,,94850,C,113,FWD,0,0,Public,Heavy Rain,,,1,WSW,1,SW,GRAND PRAIRIE ARPT,32.694,-97.0642,32.6896,-97.0643,355,2015,5,21,26,3
579497,DALLAS CO.,COCKRELL HILL,2015-05-29,42,Flash Flood,,,0,0,0,0,TX,CST-6,,95972,C,113,FWD,0,0,Social Media,Heavy Rain,,,2,W,1,W,COCKRELL HILL,32.7236,-96.8967,32.7168,-96.895,360,2015,5,22,29,6
579498,DALLAS CO.,ARCADIA PARK,2015-05-29,44,Flash Flood,,,0,0,0,0,TX,CST-6,,95972,C,113,FWD,0,0,Public,Heavy Rain,,,2,SSW,2,SSW,ARCADIA PARK,32.7227,-96.9095,32.7183,-96.9093,361,2015,5,22,29,6
579499,DALLAS CO.,EAGLE FORD,2015-05-29,100,Flash Flood,,,0,0,0,0,TX,CST-6,,95972,C,113,FWD,0,0,Public,Heavy Rain,,,0,ENE,1,SSE,EAGLE FORD,32.7726,-96.8644,32.76,-96.8625,362,2015,5,22,29,6
579707,DALLAS CO.,GRIBBLE,2015-05-29,120,Flash Flood,,,0,0,1000,0,TX,CST-6,,95972,C,113,FWD,0,0,Social Media,Heavy Rain,,,1,SSW,2,NNW,IRVING,32.8615,-96.9269,32.8427,-96.9351,363,2015,5,22,29,6
579719,DALLAS CO.,(DAL)LOVE FLD DALLAS,2015-05-29,125,Flash Flood,,,0,0,0,0,TX,CST-6,,95972,C,113,FWD,0,0,Social Media,Heavy Rain,,,2,WNW,2,NNE,UNION BOWER,32.861,-96.8853,32.8586,-96.8884,364,2015,5,22,29,6
579720,DALLAS CO.,GARLAND,2015-05-29,206,Flash Flood,,,0,0,0,0,TX,CST-6,,95972,C,113,FWD,0,0,Social Media,Heavy Rain,,,2,SW,2,SW,GARLAND,32.9049,-96.6532,32.9042,-96.6532,365,2015,5,22,29,6
579721,DALLAS CO.,NEW HOPE,2015-05-29,209,Flash Flood,,,0,0,0,0,TX,CST-6,,95972,C,113,FWD,0,0,Social Media,Heavy Rain,,,2,WNW,2,WNW,NEW HOPE,32.8368,-96.6346,32.8328,-96.6357,366,2015,5,22,29,6
579722,DALLAS CO.,SHADY GROVE,2015-05-29,222,Flash Flood,,,0,0,25000,0,TX,CST-6,,95972,C,113,FWD,0,0,Broadcast Media,Heavy Rain,,,0,ENE,1,SSE,SHADY GROVE,32.8014,-96.9971,32.7893,-96.9969,367,2015,5,22,29,6
579723,DALLAS CO.,REINHARDT,2015-05-29,222,Flash Flood,,,0,0,0,0,TX,CST-6,,95972,C,113,FWD,0,0,Social Media,Heavy Rain,,,2,NW,2,WNW,REINHARDT,32.8378,-96.7072,32.83,-96.7102,368,2015,5,22,29,6
576780,DALLAS CO.,GRIBBLE,2015-05-29,230,Flash Flood,,,1,0,125000,0,TX,CST-6,,95972,C,113,FWD,0,0,Emergency Manager,Heavy Rain,,,3,W,3,WSW,FARMERS BRANCH,32.8851,-96.9722,32.9143,-96.942,369,2015,5,22,29,6
576688,DALLAS CO.,NEW HOPE,2015-05-29,250,Flash Flood,,,1,0,90000,0,TX,CST-6,,95972,C,113,FWD,0,0,Fire Department/Rescue,Heavy Rain,,,3,NW,2,ENE,REINHARDT,32.8464,-96.6335,32.8343,-96.6469,370,2015,5,22,29,6
579724,DALLAS CO.,GARLAND,2015-05-29,320,Flash Flood,,,0,0,20000,0,TX,CST-6,,95972,C,113,FWD,0,0,Social Media,Heavy Rain,,,3,S,3,S,GARLAND,32.8744,-96.6384,32.8714,-96.638,371,2015,5,22,29,6
579726,DALLAS CO.,FLORENCE HILL,2015-05-29,324,Flash Flood,,,0,0,0,0,TX,CST-6,,95972,C,113,FWD,0,0,Social Media,Heavy Rain,,,1,NW,1,WNW,FLORENCE HILL,32.6772,-97.0086,32.6743,-97.0125,372,2015,5,22,29,6
579729,DALLAS CO.,SACHSE,2015-05-29,750,Flash Flood,,,0,0,0,0,TX,CST-6,,95972,C,113,FWD,0,0,Public,Heavy Rain,,,2,E,1,WNW,PLEASANT VLY,32.9811,-96.5424,32.9528,-96.5808,375,2015,5,22,29,6
579732,DALLAS CO.,HENSLEY FLD ARPT,2015-05-29,759,Flash Flood,,,0,0,0,0,TX,CST-6,,95972,C,113,FWD,0,0,Public,Heavy Rain,,,1,NNE,1,NE,HENSLEY FLD ARPT,32.7677,-96.917,32.7648,-96.9168,376,2015,5,22,29,6
579735,DALLAS CO.,HENSLEY FLD ARPT,2015-05-29,815,Flash Flood,,,0,0,0,0,TX,CST-6,,95972,C,113,FWD,0,0,Social Media,Heavy Rain,,,1,W,1,WSW,HENSLEY FLD ARPT,32.7479,-96.9441,32.7434,-96.9451,377,2015,5,22,29,6
583021,DALLAS CO.,CEDAR HILL,2015-05-29,845,Flood,,,0,0,0,0,TX,CST-6,,95972,C,113,FWD,0,0,Law Enforcement,Heavy Rain,,,5,WSW,2,NNW,COPPELL,32.5493,-97.0331,32.9834,-97.0319,379,2015,5,22,29,6
579761,DALLAS CO.,ROWLETT,2015-05-30,638,Flash Flood,,,0,0,0,0,TX,CST-6,,95972,C,113,FWD,0,0,Trained Spotter,Heavy Rain,,,1,NNW,0,SW,ROWLETT,32.9086,-96.5724,32.8986,-96.5724,382,2015,5,22,30,7
579762,DALLAS CO.,SACHSE,2015-05-30,638,Flash Flood,,,0,0,0,0,TX,CST-6,,95972,C,113,FWD,0,0,Trained Spotter,Heavy Rain,,,1,W,1,W,SACHSE,32.9828,-96.589,32.9807,-96.5905,383,2015,5,22,30,7
579763,DALLAS CO.,GARLAND,2015-05-30,730,Flash Flood,,,0,0,0,0,TX,CST-6,,95972,C,113,FWD,0,0,Emergency Manager,Heavy Rain,,,2,W,3,SSW,GARLAND,32.9177,-96.6622,32.8805,-96.6423,385,2015,5,22,30,7
584743,DALLAS CO.,HIGHLAND PARK,2015-06-09,1529,Flash Flood,,,0,0,30000,0,TX,CST-6,,97064,C,113,FWD,0,0,Broadcast Media,Heavy Rain,,,2,NW,2,SE,(DAL)LOVE FLD DALLAS,32.8417,-96.7916,32.8317,-96.8349,386,2015,6,23,9,3
604492,DALLAS CO.,FRUITDALE,2015-10-23,1100,Flash Flood,,,0,0,100000,0,TX,CST-6,,100423,C,113,FWD,0,0,Emergency Manager,Heavy Rain,,,1,ENE,3,E,BOUCHARD,32.7088,-96.714,32.8935,-96.7264,389,2015,10,43,23,6
604063,DALLAS CO.,UNION BOWER,2015-10-30,2116,Flash Flood,,,0,0,1000,0,TX,CST-6,,100424,C,113,FWD,0,0,Law Enforcement,Heavy Rain,,,2,ESE,2,S,(DAL)LOVE FLD DALLAS,32.8199,-96.8644,32.8172,-96.8528,391,2015,10,44,30,6
604064,DALLAS CO.,DALLAS,2015-10-30,2230,Flash Flood,,,0,0,1000,0,TX,CST-6,,100424,C,113,FWD,0,0,Social Media,Heavy Rain,,,1,NW,1,NNW,DALLAS,32.782,-96.7904,32.7842,-96.7841,392,2015,10,44,30,6
605971,DALLAS CO.,COCKRELL HILL,2015-10-30,2245,Flash Flood,,,0,0,2000,0,TX,CST-6,,100424,C,113,FWD,0,0,Law Enforcement,Heavy Rain,,,1,WSW,1,W,COCKRELL HILL,32.7121,-96.8938,32.7178,-96.8923,393,2015,10,44,30,6
604065,DALLAS CO.,ROWLETT,2015-10-31,5,Flash Flood,,,0,0,1000,0,TX,CST-6,,100424,C,113,FWD,0,0,Emergency Manager,Heavy Rain,,,0,N,1,ENE,ROWLETT,32.9,-96.57,32.9033,-96.558,394,2015,10,44,31,7
604066,DALLAS CO.,EAST DALLAS,2015-10-31,16,Flash Flood,,,0,0,10000,0,TX,CST-6,,100424,C,113,FWD,0,0,Social Media,Heavy Rain,,,1,ENE,1,ENE,EAST DALLAS,32.7745,-96.7394,32.7745,-96.7374,395,2015,10,44,31,7
608897,DALLAS CO.,COPPELL,2015-11-27,120,Flash Flood,,,0,0,0,0,TX,CST-6,,101545,C,113,FWD,0,0,Mesonet,Heavy Rain,,,2,NNE,4,W,CEDAR HILL,32.9742,-97.0134,32.5759,-97.0189,398,2015,11,48,27,6
608900,DALLAS CO.,COPPELL,2015-11-27,330,Flood,,,1,0,50000,0,TX,CST-6,,101545,C,113,FWD,0,0,Mesonet,Heavy Rain,,,2,NNE,2,NNW,SACHSE,32.9742,-97.0134,33.0067,-96.5818,399,2015,11,48,27,6
611672,DALLAS CO.,CEDAR HILL,2015-12-26,1957,Flash Flood,,,0,0,50000,0,TX,CST-6,,101364,C,113,FWD,0,0,Social Media,Heavy Rain,,,4,W,2,NNW,COPPELL,32.5759,-97.0189,32.9833,-97.0314,402,2015,12,52,26,7
650535,DALLAS CO.,HIGHLAND PARK,2016-07-05,130,Flood,,,1,0,15000,0,TX,CST-6,,108184,C,113,FWD,0,0,Newspaper,Heavy Rain,,,2,W,3,NE,EAGLE FORD,32.8231,-96.8018,32.7988,-96.8374,406,2016,7,27,5,3
656527,DALLAS CO.,SOWERS,2016-08-19,1700,Flash Flood,,,0,0,0,0,TX,CST-6,,109749,C,113,FWD,0,0,Trained Spotter,Heavy Rain,,,2,NNW,0,S,SOWERS,32.8496,-96.9897,32.8147,-96.9811,407,2016,8,34,19,6
659400,DALLAS CO.,GRIBBLE,2016-09-26,715,Flood,,,0,0,0,0,TX,CST-6,,110365,C,113,FWD,0,0,Public,Heavy Rain,,,1,S,1,NNW,EAGLE FORD,32.859,-96.9241,32.7874,-96.8829,409,2016,9,39,26,2
665056,DALLAS CO.,COPPELL,2016-11-07,1852,Flash Flood,,,0,0,0,0,TX,CST-6,,111242,C,113,FWD,0,0,Emergency Manager,Heavy Rain,,,2,NNW,2,NNW,COPPELL,32.9769,-97.0349,32.9702,-97.0355,410,2016,11,45,7,2
